Label,Protien,Hydrophobicity index base on helix in membrane,Polarity (driven from amino acids),Hydrophilicity value (driven from free amino acids),Average Volume of surrounding residues,Surrounding hydrophobicity in folded form,Energy of transfer from inside to outside,Buried and accessible molar fraction ratio
Fold1,>P23453,138.3699999999999,149.97999999999996,181.60000000000008,152.4200000000001,131.71000000000012,204.72999999999985,92.65999999999983
Fold1,>P07373,151.40999999999997,112.84000000000015,156.15000000000015,178.07000000000025,182.72000000000057,259.72999999999973,133.03999999999968
Fold1,>P12921,86.94999999999997,86.06999999999998,105.43000000000002,92.15000000000003,76.36999999999999,119.85000000000002,53.34999999999997
Fold1,>P19579,175.12000000000003,198.04000000000002,231.0200000000001,178.4400000000004,149.79000000000025,236.2899999999996,104.10999999999972
Fold1,>A2RMA8,205.5900000000004,167.89000000000007,218.28000000000011,238.70000000000064,232.57000000000102,342.93999999999954,168.0599999999999
Fold1,>A6QIG2,246.69000000000017,282.6700000000002,326.84000000000003,224.7500000000009,198.55000000000064,323.85999999999956,140.88999999999967
Fold1,>P35594,305.90000000000003,364.20000000000016,431.41999999999877,318.63000000000113,268.260000000001,443.1399999999995,196.26000000000008
Fold1,>P0A3G5,187.51000000000016,225.2399999999998,256.6300000000003,187.32000000000056,156.69000000000034,277.75999999999937,114.89999999999954
Fold1,>P39755,208.06000000000026,158.06000000000026,212.33999999999992,243.8900000000007,249.6000000000008,360.0099999999991,179.82999999999976
Fold1,>P33379,246.28000000000034,328.89000000000016,385.11999999999927,266.2700000000005,182.68000000000077,360.7499999999998,142.19999999999976
Fold1,>P0C0N4,90.44999999999992,66.18999999999994,87.77000000000004,101.6800000000001,95.89000000000006,127.82000000000005,65.83000000000004
Fold1,>Q2FV54,269.29,232.77000000000007,296.5999999999999,289.88000000000096,263.16000000000116,380.02999999999946,184.1900000000001
Fold1,>P0A4D8,222.4000000000002,256.4999999999996,312.5099999999996,228.12000000000066,179.6400000000005,297.8299999999993,131.3599999999997
Fold1,>P35865,194.5600000000002,167.77000000000012,218.41,224.38000000000056,241.06000000000088,354.78999999999905,175.72999999999973
Fold1,>Q9CD58,298.3999999999989,360.52999999999935,432.2299999999975,329.74000000000046,278.00999999999976,483.14999999999776,208.3100000000005
Fold1,>P46922,117.76999999999997,134.89000000000016,159.64000000000007,119.15,105.65000000000005,175.35999999999996,77.2099999999999
Fold1,>P46105,209.35000000000045,212.03000000000029,276.23999999999984,251.8100000000004,255.3200000000006,400.0799999999985,194.98000000000022
Fold1,>O31652,136.11999999999992,107.77000000000018,142.50000000000003,155.4100000000001,148.4900000000002,216.8299999999999,105.14999999999986
Fold1,>Q07833,909.8099999999914,1170.6299999999965,1304.0699999999936,868.6399999999863,725.8300000000008,1335.0400000000006,527.4900000000018
Fold1,>P33251,126.80999999999993,98.11000000000013,129.83,147.13000000000014,138.88000000000025,201.4599999999998,98.24999999999983
Fold1,>O06493,198.91000000000028,162.9100000000002,218.66000000000008,231.5200000000005,235.83000000000087,342.9799999999991,170.89999999999975
Fold1,>O34894,245.0500000000001,277.77999999999986,332.0899999999996,267.88999999999993,202.4600000000008,322.4399999999996,139.67999999999967
Fold1,>P53663,171.10000000000022,215.15999999999977,233.1000000000003,178.24000000000035,123.40000000000012,236.82999999999967,80.99999999999976
Fold1,>P35165,90.60999999999997,91.04999999999994,109.34000000000002,89.32000000000009,73.90000000000002,112.26999999999995,48.869999999999976
Fold1,>Q08429,54.00999999999997,60.61999999999994,70.44000000000004,58.879999999999995,46.090000000000025,74.97,31.150000000000002
Fold1,>P12667,58.32999999999995,71.38999999999993,84.88000000000002,58.510000000000026,51.800000000000004,87.82,38.47000000000002
Fold1,>P13485,340.9399999999995,340.33000000000055,413.67999999999927,360.0000000000018,272.2200000000012,425.2799999999998,183.92000000000002
Fold1,>P33116,275.3900000000002,251.17999999999975,311.47999999999973,299.820000000001,257.1500000000014,379.2899999999999,177.09999999999997
Fold1,>Q07428,47.42999999999998,52.73999999999996,64.23999999999998,49.89,45.40000000000002,69.83000000000001,32.59000000000002
Fold1,>Q5HKQ0,183.86000000000004,161.26000000000002,200.65999999999994,195.55000000000047,176.7200000000005,261.82999999999987,124.46999999999974
Fold1,>P33113,198.7000000000001,201.97,244.5199999999999,213.18000000000055,181.92000000000053,276.44999999999965,126.69999999999956
Fold1,>P42177,97.5999999999999,75.61000000000003,101.11,110.32000000000004,106.1000000000001,149.88999999999996,73.68999999999997
Fold1,>P34956,281.7200000000003,216.9299999999998,277.54999999999967,328.8900000000012,305.1800000000006,448.13999999999913,216.26999999999973
Fold1,>P0A4Y0,170.1600000000001,178.61999999999998,224.0200000000002,192.52000000000064,188.80000000000018,293.17999999999915,138.97999999999968
Fold1,>P37948,188.5300000000001,152.53000000000014,196.23999999999987,218.05000000000052,205.15000000000057,303.53999999999945,149.34999999999974
Fold1,>Q79VE9,221.9100000000002,198.53000000000003,249.56999999999994,262.600000000001,247.87000000000077,365.96999999999946,175.54
Fold1,>P39843,162.35000000000016,133.56000000000034,176.56999999999994,190.84000000000043,191.9200000000006,280.1499999999997,141.6399999999998
Fold1,>P20166,273.1400000000004,272.5699999999999,340.30999999999915,323.0100000000009,303.24000000000063,466.9199999999994,225.0300000000001
Fold1,>P14677,294.50000000000057,344.87999999999977,402.9899999999995,303.75000000000136,266.9500000000013,455.0799999999991,194.41000000000003
Fold1,>P22094,111.08999999999996,102.76000000000015,126.46000000000006,129.42000000000002,129.16000000000003,200.14999999999978,95.58999999999983
Fold1,>P25051,134.71000000000004,150.1900000000001,183.63000000000002,146.04000000000008,139.17000000000007,216.5299999999998,104.01999999999975
Fold1,>P26829,194.8700000000001,234.85000000000002,280.2999999999999,216.34000000000063,202.67000000000039,329.02999999999895,151.2999999999997
Fold1,>P0A4N3,120.05999999999993,93.2800000000001,120.52000000000005,139.7300000000001,131.60000000000002,191.19999999999976,93.51999999999984
Fold1,>P0A5I8,82.89999999999993,105.30000000000004,122.90000000000006,85.93999999999996,84.40000000000003,149.61999999999998,66.12999999999994
Fold1,>Q9ZEP5,77.34999999999994,109.15999999999995,129.13000000000005,80.22999999999999,76.15000000000008,136.57999999999998,58.439999999999955
Fold1,>P0C0H0,181.88000000000005,161.2399999999998,203.10000000000002,197.95000000000033,185.3900000000005,269.1299999999996,129.37999999999968
Fold1,>O07002,211.89000000000033,167.29999999999995,218.46999999999997,241.5400000000007,246.49000000000117,364.8799999999994,181.4799999999999
Fold1,>Q05523,193.05000000000015,202.19999999999987,247.1600000000001,202.9600000000005,170.1100000000003,265.7999999999995,119.53999999999955
Fold1,>P54178,78.42999999999994,87.37000000000002,103.92000000000003,83.24999999999996,71.37000000000005,117.05999999999992,53.809999999999974
Fold1,>P68782,133.36,99.27000000000018,132.57000000000002,158.39000000000027,164.98000000000027,231.2299999999998,119.98999999999975
Fold1,>P40411,161.0100000000002,139.53000000000014,184.25000000000003,181.83000000000035,178.33000000000052,267.37999999999965,132.6099999999998
Fold1,>P24011,150.25000000000006,155.10000000000002,191.47999999999993,161.78000000000011,137.9800000000002,215.18999999999974,99.77999999999979
Fold1,>O30417,207.69000000000005,168.3700000000001,217.10999999999984,247.7800000000009,242.79000000000073,350.1799999999995,175.03999999999962
Fold1,>P0A3S3,105.70999999999992,130.45000000000007,148.2600000000001,103.03999999999989,89.07000000000002,159.42999999999986,64.91999999999994
Fold1,>O52351,205.28000000000029,184.2500000000001,234.53000000000011,231.7300000000007,220.920000000001,330.18999999999977,159.76999999999992
Fold1,>O66043,221.64000000000024,206.81999999999996,253.05000000000004,241.58000000000072,210.1700000000009,315.19999999999976,144.7299999999997
Fold1,>P65563,51.66999999999995,41.769999999999975,55.55,60.70000000000001,61.44000000000001,89.55000000000003,43.95000000000003
Fold1,>P0A609,73.37999999999997,105.40000000000005,120.89000000000006,80.92999999999994,85.02000000000008,159.51,68.85999999999994
Fold1,>P43439,286.1200000000002,272.51999999999964,337.07999999999913,324.5700000000007,275.54000000000104,418.2699999999992,194.23999999999984
Fold1,>Q93QY7,376.1599999999993,293.4700000000002,381.239999999999,421.3700000000011,397.32000000000096,557.3899999999986,273.0700000000001
Fold1,>P35166,151.58999999999997,174.33999999999992,206.27000000000007,154.44000000000014,125.9400000000002,215.0499999999998,91.39999999999978
Fold1,>Q45479,67.64999999999992,52.529999999999944,67.77000000000001,74.87000000000003,77.21,105.02000000000002,53.41000000000002
Fold1,>Q99027,345.52999999999975,300.86000000000024,379.8899999999994,385.4700000000016,337.7800000000012,489.2100000000006,233.81000000000034
Fold1,>P12669,54.89999999999994,58.87999999999995,69.35999999999999,57.29000000000001,49.63000000000001,81.35000000000004,35.190000000000005
Fold1,>P82599,27.020000000000003,46.11999999999996,51.79000000000002,28.71000000000001,30.580000000000005,59.53,26.749999999999996
Fold1,>Q8GFE2,127.30999999999995,147.6500000000001,174.25000000000003,135.0699999999999,116.95000000000012,200.06999999999994,87.41999999999979
Fold1,>P37105,186.30000000000015,209.21999999999977,256.4500000000003,201.04000000000042,167.72000000000065,262.2799999999996,119.50999999999962
Fold1,>Q01467,77.75999999999992,51.11999999999995,71.81000000000003,97.48000000000006,91.05000000000005,121.75999999999999,63.27000000000002
Fold1,>P39774,454.2899999999996,467.1300000000016,558.0899999999992,484.7800000000019,386.8500000000011,613.2199999999993,268.11000000000047
Fold1,>P0A670,70.32999999999997,93.08000000000003,108.92000000000006,78.04999999999993,82.26000000000006,146.20999999999995,64.99000000000001
Fold1,>Q08430,177.60000000000005,158.11000000000004,201.07000000000008,203.77000000000072,194.0300000000005,285.1999999999994,137.9499999999995
Fold1,>Q04664,204.09000000000023,179.09,224.26000000000013,212.1300000000006,191.4700000000006,278.9899999999998,132.57999999999973
Fold1,>P14319,43.52999999999998,31.609999999999996,43.05999999999999,49.53999999999999,55.88,77.75000000000004,40.46000000000002
Fold1,>P0A4G4,125.83999999999999,145.86,174.7300000000002,129.92000000000007,109.81000000000013,181.6799999999999,81.47999999999986
Fold1,>P36497,305.6900000000001,290.6400000000001,351.6899999999995,329.420000000001,308.5200000000017,464.04000000000025,216.57000000000014
Fold1,>P54544,116.37,99.81000000000009,126.85000000000005,133.60000000000002,123.71000000000002,180.4699999999998,86.83999999999982
Fold1,>Q8NNK5,103.28999999999999,125.99000000000005,150.86000000000013,111.26,105.82000000000004,179.16999999999996,81.26999999999984
Fold1,>P30345,35.77000000000002,36.509999999999984,48.910000000000025,40.970000000000006,42.71000000000001,67.96000000000004,33.91999999999997
Fold1,>P45829,101.89999999999995,84.76000000000008,107.85000000000005,120.10000000000007,121.70000000000012,178.14999999999992,88.14999999999993
Fold1,>Q8NNK2,141.84000000000015,157.23000000000008,185.87999999999994,157.32000000000008,136.5400000000002,228.5999999999997,101.87999999999978
Fold1,>P42175,509.31999999999823,561.6300000000001,657.1599999999969,538.5000000000006,439.11000000000035,742.0899999999951,315.4000000000013
Fold1,>P46339,121.19,107.91,141.45000000000007,140.21,141.73000000000022,212.41999999999987,103.29999999999983
Fold1,>Q45068,186.42000000000016,164.27000000000027,206.2199999999999,212.76000000000062,218.37000000000074,322.6499999999995,161.1099999999999
Fold1,>P39215,256.8800000000007,311.6799999999997,363.7899999999999,260.10000000000053,237.18000000000143,402.93999999999954,176.18
Fold1,>P45706,98.2899999999999,71.16000000000004,98.97000000000004,118.85000000000007,116.83000000000003,166.94999999999993,85.98999999999992
Fold1,>P34959,49.189999999999955,46.92999999999998,54.17000000000002,59.720000000000006,56.42999999999999,87.36,40.719999999999956
Fold1,>P39141,158.28000000000006,131.58000000000033,172.26000000000008,190.02000000000044,192.98000000000047,275.7799999999994,141.03999999999974
Fold1,>P42086,167.53000000000011,145.05000000000027,191.15000000000006,197.5500000000005,216.28000000000065,311.1999999999997,159.35999999999984
Fold1,>A5U127,56.76999999999996,61.409999999999954,75.51000000000002,62.139999999999986,62.630000000000045,99.49000000000001,47.28999999999998
Fold1,>O34742,91.45000000000005,75.78999999999998,101.24000000000004,106.55000000000011,112.74000000000007,160.04000000000008,80.55
Fold1,>Q5HKP9,48.44999999999996,32.45999999999999,43.97,52.460000000000015,51.29999999999998,67.76000000000003,34.50000000000001
Fold1,>P31141,130.94999999999996,128.32000000000025,170.9299999999999,163.26000000000022,179.94,283.9899999999994,140.22999999999982
Fold1,>Q01464,107.60000000000002,122.0900000000001,149.10000000000008,115.20000000000005,109.5700000000001,166.46999999999997,79.4999999999999
Fold1,>O07628,43.49999999999998,38.46999999999998,51.52000000000002,52.29000000000002,44.209999999999994,61.81000000000001,30.51000000000001
Fold1,>Q02113,274.6800000000003,314.88999999999993,372.13999999999976,264.89000000000135,248.45000000000127,423.7999999999979,183.07999999999947
Fold1,>P50847,121.34000000000002,116.24000000000022,150.34000000000015,144.6100000000003,148.42000000000013,231.50999999999976,114.7499999999998
Fold1,>P08656,53.26999999999996,48.52999999999997,62.64000000000003,59.14999999999998,55.41000000000003,83.46000000000006,41.84999999999997
Fold1,>P16449,89.8799999999999,58.31999999999996,81.75000000000001,109.03000000000006,99.48,139.7799999999999,71.3
Fold1,>P35160,74.01999999999995,75.80999999999993,92.75,80.56999999999995,73.56000000000003,111.62,52.87999999999999
Fold1,>P32959,187.90000000000018,202.19999999999982,239.1599999999999,206.7400000000002,169.35000000000042,275.1699999999998,116.88999999999963
Fold1,>P42432,170.88000000000008,148.7100000000001,197.1599999999999,192.45000000000036,191.2400000000004,285.59999999999957,142.39999999999984
Fold1,>P54493,207.50000000000026,215.73999999999995,261.6399999999997,233.13000000000028,201.89000000000078,321.13,146.43999999999994
Fold1,>P72058,253.83000000000092,231.35000000000008,299.51999999999947,289.56000000000074,279.4800000000007,433.0399999999982,203.16000000000017
Fold1,>Q9L523,247.06000000000037,268.77,321.03000000000003,250.6800000000007,222.81000000000077,350.1899999999994,157.21999999999963
Fold1,>O33654,187.7200000000001,156.19000000000028,209.14000000000007,214.84000000000077,227.26000000000073,332.1999999999992,169.55999999999977
Fold1,>P46921,113.07000000000001,92.93000000000009,124.81,129.64000000000007,137.9100000000001,198.48999999999995,101.21999999999986
Fold1,>P75409,250.33000000000024,264.45999999999987,305.7899999999999,261.95000000000107,216.33000000000087,361.13999999999936,153.1199999999997
Fold1,>P63713,191.79000000000028,206.68,257.4499999999999,209.24000000000038,188.91000000000022,309.6299999999993,138.53999999999968
Fold1,>P37608,306.00999999999993,281.9000000000001,339.6199999999998,324.4000000000014,294.6400000000021,433.70000000000107,206.33000000000018
Fold1,>Q9X3P3,295.8100000000002,255.92999999999984,328.24999999999983,326.91000000000105,314.1200000000009,459.67999999999915,222.98999999999987
Fold1,>O69282,196.33000000000027,224.70999999999972,269.07,214.8400000000003,183.51000000000056,308.8599999999996,137.01999999999978
Fold1,>Q02251,774.5299999999933,920.6499999999958,1113.6999999999969,862.5299999999845,817.5500000000006,1368.939999999993,614.8399999999995
Fold1,>P26235,153.4,121.03000000000029,163.56000000000006,188.1200000000004,193.91000000000074,273.4199999999997,140.9899999999997
Fold1,>P24943,169.2900000000001,146.6300000000003,190.82,195.11000000000044,202.59000000000083,289.8199999999996,147.59999999999977
Fold1,>P54104,174.99000000000032,139.01000000000025,189.46999999999997,213.87000000000043,214.73000000000053,317.02999999999963,159.3399999999998
Fold1,>Q10900,572.7199999999959,695.4799999999964,853.0299999999999,647.6199999999941,642.3600000000015,1069.7299999999896,488.3100000000016
Fold1,>Q79VE8,162.27000000000012,176.25999999999988,212.22999999999985,180.34000000000017,158.9900000000003,258.2899999999999,114.96999999999976
Fold1,>P22821,66.18999999999994,48.859999999999964,69.56,80.7,87.32000000000006,120.01000000000006,63.350000000000065
Fold1,>P81594,179.16000000000003,195.74999999999983,236.17999999999984,187.8300000000002,170.41000000000034,276.13999999999976,126.86999999999968
Fold1,>P28611,107.93999999999988,112.3200000000001,140.8,125.89000000000016,112.74000000000004,174.13999999999982,83.04999999999986
Fold1,>Q50367,130.99999999999997,171.49000000000015,196.69999999999993,126.66999999999999,124.70000000000012,220.46999999999971,96.56999999999978
Fold1,>P15363,171.85000000000008,195.67000000000007,221.14999999999986,174.34000000000023,135.65000000000023,232.83999999999963,100.45999999999971
Fold1,>P23648,125.89000000000003,143.5200000000001,169.22000000000003,130.55999999999997,114.82000000000009,192.48999999999984,85.43999999999986
Fold1,>P31306,261.4400000000005,324.72,371.8299999999996,261.8300000000006,214.90000000000055,383.87999999999874,157.74999999999991
Fold1,>P39128,142.5400000000001,108.44000000000013,142.95,161.48000000000025,148.27000000000027,213.04999999999993,103.90999999999978
Fold1,>P0A334,66.69999999999992,61.34999999999993,79.30000000000001,75.52999999999999,69.96000000000002,104.76000000000006,48.68999999999996
Fold1,>P37386,316.7899999999995,344.0199999999998,422.4899999999994,344.28000000000094,334.0000000000008,513.4199999999985,248.03000000000003
Fold1,>P30195,446.2499999999998,446.25000000000244,522.2599999999989,472.21000000000186,372.79000000000144,580.1100000000007,256.54
Fold1,>P28628,80.23999999999998,85.02999999999997,101.53000000000003,84.16999999999997,71.16999999999999,108.16999999999999,49.35999999999994
Fold1,>O08362,154.30000000000018,171.5,211.19999999999993,175.17000000000027,158.2200000000003,257.12999999999965,116.73999999999972
Fold1,>P96710,188.05999999999995,154.99000000000015,206.57,217.75000000000063,224.1800000000006,324.52999999999963,164.88999999999973
Fold1,>P49022,362.0500000000001,395.08000000000027,465.7299999999992,378.6500000000009,347.3700000000015,561.5999999999984,255.40000000000012
Fold1,>P50012,118.05999999999992,93.57000000000005,121.28000000000003,142.43000000000006,135.66000000000005,195.4299999999999,96.60999999999987
Fold1,>P25959,56.72999999999997,53.01999999999998,65.31000000000002,58.74000000000002,50.93,74.41,34.08000000000002
Fold1,>P28612,109.88999999999994,129.6200000000001,154.44000000000003,116.82000000000006,88.47,147.5999999999999,64.07999999999994
Fold1,>P54571,184.09000000000012,152.05000000000015,203.48000000000013,218.0700000000007,233.10000000000085,332.16999999999916,169.41999999999962
Fold1,>P42237,180.0900000000001,158.0200000000001,203.5000000000001,204.50000000000048,206.68000000000066,313.92999999999955,154.81999999999974
Fold1,>P24012,87.20999999999994,70.32000000000001,88.90000000000002,103.72,95.15000000000002,142.07999999999993,66.79
Fold1,>P35596,237.31000000000046,284.5500000000002,337.9099999999997,255.60000000000014,220.750000000001,370.3999999999993,161.07000000000008
Fold1,>O34360,71.18999999999994,75.74999999999994,88.63000000000004,75.69000000000003,63.48000000000001,101.73999999999997,45.93999999999998
Fold1,>P21608,170.58000000000027,144.1100000000003,192.26000000000005,207.6400000000005,223.35000000000073,315.70999999999947,162.30999999999983
Fold1,>P50738,93.9599999999999,71.94999999999996,94.34000000000005,114.07000000000008,107.48999999999997,150.97999999999988,74.47999999999999
Fold1,>P54582,232.88000000000048,224.26000000000013,278.67999999999995,266.24000000000075,259.7700000000012,407.5399999999988,194.83999999999992
Fold1,>P29761,283.5300000000003,328.1700000000002,380.0499999999993,292.970000000001,251.06000000000097,419.4799999999988,179.59999999999982
Fold1,>Q9ZFB5,157.91000000000003,105.31000000000017,147.03000000000003,185.9200000000003,188.66000000000068,252.29999999999973,132.61999999999983
Fold1,>P21625,90.17999999999999,112.97000000000007,133.33,91.13000000000001,88.05000000000007,145.72,66.42999999999998
Fold1,>P39603,39.11999999999999,24.589999999999993,35.01,48.410000000000004,45.069999999999986,61.85000000000005,31.14000000000001
Fold1,>A6QH29,179.16000000000054,295.3399999999999,304.4599999999997,162.11000000000064,112.23000000000002,258.1399999999995,88.7199999999997
Fold1,>P33247,264.83000000000044,272.4200000000001,332.6799999999993,288.770000000001,241.7200000000005,391.3499999999983,172.11999999999995
Fold1,>P20487,71.37999999999997,75.97999999999995,88.14000000000001,74.60000000000001,49.30999999999999,76.95999999999998,31.300000000000015
Fold1,>P0A4N1,181.56000000000014,147.6900000000002,187.88000000000002,207.26000000000062,199.58000000000067,298.3899999999996,145.1999999999997
Fold1,>P25953,152.00000000000014,159.26000000000008,192.9299999999999,158.6600000000003,140.87000000000015,215.12999999999988,98.18999999999981
Fold1,>P36948,122.8,107.13000000000017,143.1800000000001,144.42000000000016,157.57000000000028,226.99999999999986,116.43999999999977
Fold1,>O52866,116.88999999999994,120.17000000000006,143.64,131.72000000000003,116.23000000000006,184.37999999999988,83.0999999999999
Fold1,>P39129,123.88999999999994,100.63000000000012,130.77000000000007,145.03000000000011,137.68000000000015,201.30999999999983,99.10999999999986
Fold1,>P02983,191.78000000000014,141.8100000000003,191.54000000000016,224.0800000000006,232.5000000000012,326.9599999999999,169.1999999999997
Fold1,>P39694,76.23999999999995,99.95000000000005,114.79000000000003,78.06000000000006,72.79000000000012,124.78999999999999,55.63999999999999
Fold1,>P50002,183.95000000000016,207.6799999999999,251.49,199.5700000000002,184.54000000000036,292.0999999999998,134.9899999999997
Fold1,>Q9ZBM2,123.17000000000004,107.96000000000012,142.17000000000013,139.94000000000014,135.5300000000001,201.5899999999999,98.45999999999997
Fold1,>P19580,200.91000000000017,203.52999999999986,248.52999999999992,214.24000000000044,188.83000000000047,286.50999999999976,133.41999999999973
Fold1,>P39793,345.58999999999907,474.37999999999863,534.5599999999993,330.08000000000226,274.18000000000194,519.8399999999982,208.05000000000052
Fold1,>P12012,168.01000000000022,143.76000000000022,193.18000000000012,205.72000000000054,222.86000000000072,324.4999999999995,167.72999999999982
Fold1,>P39570,162.51,112.35000000000012,153.62999999999994,190.02000000000035,183.95000000000047,256.54999999999984,131.23999999999975
Fold1,>Q04959,90.39999999999985,121.20999999999992,140.24000000000018,105.29999999999959,105.81000000000013,198.21,84.49999999999984
Fold1,>P65565,40.899999999999984,32.65,43.589999999999996,49.83999999999998,51.620000000000005,70.29000000000002,36.389999999999986
Fold1,>P65561,164.40000000000023,139.18000000000015,181.26000000000002,195.4500000000004,183.87000000000037,282.78999999999945,134.37999999999985
Fold1,>P42252,110.2399999999999,76.55999999999996,108.18000000000002,133.89000000000004,122.17000000000003,168.35999999999987,84.34999999999991
Fold1,>P25958,52.53999999999995,55.599999999999945,66.21,55.94000000000001,53.29,80.73999999999998,37.59000000000001
Fold1,>P54559,165.02000000000007,137.20000000000016,179.87000000000003,191.7900000000004,191.42000000000053,282.8599999999996,138.9599999999997
Fold1,>P95246,195.27000000000032,215.73999999999992,257.45000000000005,223.90000000000077,200.15000000000038,338.5799999999991,149.88999999999982
Fold1,>P46349,190.23000000000025,157.17000000000013,206.5500000000001,221.4200000000005,224.76000000000093,326.7099999999996,163.16999999999982
Fold1,>P43440,185.63000000000017,149.9700000000001,201.77000000000004,213.85000000000068,218.61000000000058,312.84999999999957,157.74999999999957
Fold1,>O34853,110.90999999999991,99.00999999999993,123.14000000000004,121.94999999999996,107.51000000000012,155.4899999999999,70.67999999999991
Fold1,>P54146,168.55000000000018,162.50000000000034,203.23,205.14000000000038,206.17000000000024,319.9099999999993,154.79999999999976
Fold2,>Q02114,183.9300000000004,219.7700000000002,256.93,183.53000000000026,179.63000000000054,305.9599999999991,133.74999999999963
Fold2,>P13692,181.30000000000044,268.5900000000005,295.7899999999999,171.7900000000006,143.90000000000015,300.20999999999907,114.40999999999948
Fold2,>P38536,721.4299999999906,879.5999999999963,977.5299999999922,721.1499999999924,656.1099999999999,1140.599999999997,478.79000000000184
Fold2,>P09333,365.65999999999923,476.5199999999993,550.2800000000001,373.150000000002,357.4400000000006,610.1099999999973,268.9400000000004
Fold2,>P35825,459.639999999999,576.8999999999984,666.2699999999995,452.5900000000026,435.8500000000009,742.8199999999964,323.65000000000043
Fold2,>P0C0P9,71.49,79.67999999999998,86.60000000000005,73.87999999999998,64.29999999999998,107.10000000000002,43.73999999999999
Fold2,>Q05044,161.38000000000036,213.01000000000045,240.58999999999992,143.42000000000007,152.21000000000004,283.27999999999946,114.18999999999964
Fold2,>Q59634,312.91000000000025,360.28999999999894,431.7799999999993,320.1200000000012,303.03000000000054,514.3099999999963,225.5699999999999
Fold2,>Q06852,804.1799999999918,1144.2199999999993,1336.9399999999935,905.3699999999749,682.6200000000116,1379.3999999999903,525.5300000000033
Fold2,>P35829,159.13000000000008,209.56000000000023,231.17000000000007,151.31000000000012,155.15000000000015,269.65999999999946,114.53999999999964
Fold2,>P06546,423.9099999999991,540.0600000000004,627.3399999999991,423.16000000000184,359.96000000000066,605.519999999998,263.65000000000066
Fold2,>P55111,186.14000000000036,250.6000000000003,283.34999999999997,186.46000000000046,194.7400000000005,352.0699999999987,156.5199999999998
Fold2,>O32083,119.29999999999997,133.6900000000001,158.4400000000001,118.21999999999998,99.36000000000011,163.19999999999987,70.92999999999991
Fold2,>Q55242,351.30999999999904,472.8399999999988,532.4499999999989,355.93000000000166,318.360000000001,583.4599999999967,237.33999999999997
Fold2,>P0A5B7,59.479999999999954,69.01999999999995,84.52,63.59000000000001,50.00000000000001,84.57000000000002,35.80999999999998
Fold2,>P54423,345.08000000000004,435.41999999999973,510.2399999999987,348.3500000000016,298.97000000000116,516.4899999999968,222.94000000000017
Fold2,>P36921,56.98999999999997,63.07999999999991,72.90000000000005,61.529999999999994,48.60000000000002,78.57999999999997,33.61
Fold2,>Q8GFE2,127.30999999999995,147.6500000000001,174.25000000000003,135.0699999999999,116.95000000000012,200.06999999999994,87.41999999999979
Fold3,>P47437,346.46999999999963,352.7800000000004,414.7399999999998,361.7000000000018,317.6400000000014,492.67000000000127,230.1200000000003
Fold3,>Q8G7W9,206.4300000000003,229.69999999999985,275.56999999999965,221.12000000000037,179.45000000000033,292.55999999999943,127.24999999999953
Fold3,>P39802,65.05999999999995,71.97999999999993,87.27000000000002,67.96000000000004,63.46000000000002,95.40999999999995,44.85999999999997
Fold3,>Q828D2,98.14999999999996,120.18999999999998,145.96,106.53000000000009,80.86999999999998,137.25,58.6199999999999
Fold3,>Q88Z97,281.8400000000005,308.6600000000002,367.88999999999913,305.70000000000067,257.6700000000008,414.5899999999992,182.69000000000023
Fold3,>P42450,298.4,350.87999999999977,413.7899999999992,322.98000000000116,271.540000000001,448.8299999999988,195.89000000000024
Fold3,>P59934,240.69000000000034,273.0900000000001,334.62999999999937,267.6000000000006,264.4600000000008,411.459999999999,202.0900000000003
Fold3,>O53079,196.15000000000018,232.05000000000004,275.76000000000016,206.76000000000053,200.00000000000045,320.6199999999994,147.66999999999976
Fold3,>Q82K53,356.51000000000033,500.2599999999991,600.539999999998,403.780000000001,344.4300000000004,643.1799999999964,278.2100000000005
Fold3,>Q3AB78,92.46999999999989,104.53000000000006,129.72000000000003,101.77000000000008,82.60000000000007,127.4,60.87999999999997
Fold3,>A0JSV8,188.1800000000005,221.5800000000002,261.5199999999998,202.94000000000003,179.20000000000005,305.06999999999897,131.09999999999962
Fold3,>Q8XMP3,237.69000000000014,265.3799999999996,314.4499999999997,254.23000000000067,197.16000000000068,322.8899999999999,140.99999999999974
Fold3,>P0A0A5,186.12999999999997,199.71999999999989,231.24999999999977,200.49000000000044,153.28000000000017,242.38999999999973,104.83999999999969
Fold3,>Q53778,255.59000000000023,278.97,319.26999999999975,281.31000000000085,222.49000000000078,360.8199999999995,148.65999999999974
Fold3,>P07515,32.54,40.679999999999986,48.33,36.160000000000004,34.300000000000004,55.56,25.45
Fold3,>Q08291,115.98000000000005,135.32000000000016,164.79999999999995,131.08000000000018,112.98000000000003,183.7399999999999,82.82999999999986
Fold3,>Q2SS99,343.77000000000027,361.350000000001,416.5100000000004,354.69000000000165,304.52000000000197,473.47000000000094,215.2800000000002
Fold3,>Q55055,63.62999999999994,69.84999999999994,82.93000000000002,68.27000000000001,63.130000000000045,91.75999999999999,43.209999999999994
Fold3,>Q8EUR6,406.53,441.3800000000013,521.8499999999992,417.3400000000014,339.6000000000011,537.7200000000003,245.28000000000006
Fold3,>Q8G4V2,236.58000000000047,294.67999999999995,342.5399999999996,261.84000000000043,228.14000000000055,383.78999999999877,168.4200000000003
Fold3,>Q02VB0,263.43000000000035,295.69999999999993,346.20999999999935,285.85000000000076,216.13000000000073,371.4999999999995,156.9299999999999
Fold3,>P28618,86.43999999999998,95.49000000000004,114.82000000000006,91.47,81.52000000000004,133.33,59.259999999999984
Fold3,>P50589,55.38999999999993,60.96999999999993,76.63,63.04000000000002,53.86000000000002,85.03000000000003,38.59999999999997
Fold3,>Q56198,121.96000000000004,142.91000000000017,166.04,125.99999999999999,134.2700000000001,213.40999999999988,102.6899999999998
Fold3,>P27623,59.66999999999995,60.46999999999994,72.35,60.97000000000002,50.75,74.83,34.4
Fold3,>P59959,82.71999999999991,93.62000000000008,120.20000000000003,91.93000000000008,93.23,145.20999999999998,69.99000000000001
Fold3,>O53441,156.97000000000023,184.32000000000028,224.0800000000001,180.2300000000003,168.96000000000012,275.58999999999946,125.8299999999997
Fold3,>Q8G864,178.86000000000024,208.68000000000004,254.1699999999998,197.55000000000052,179.40000000000012,293.10999999999945,133.7199999999997
Fold3,>Q6YP15,82.07,87.28999999999998,104.80000000000001,89.92000000000003,76.38000000000002,114.97000000000004,52.89999999999995
Fold3,>P81102,80.43999999999996,91.13000000000001,106.33000000000006,86.59,74.36000000000001,124.14999999999996,54.19999999999997
Fold3,>O05724,69.91999999999993,76.36999999999996,92.59000000000003,77.66000000000001,61.93000000000003,98.80999999999999,44.21999999999996
Fold3,>Q46338,70.70999999999995,82.24999999999997,100.88000000000004,85.64,81.73000000000012,137.58999999999997,62.74999999999998
Fold3,>Q59280,130.77000000000015,175.03000000000003,204.68000000000006,140.03000000000006,147.04000000000016,254.58999999999966,116.5299999999997
Fold3,>P77949,66.65999999999995,79.07999999999997,92.96000000000002,73.73999999999998,63.36000000000006,109.36000000000008,46.929999999999986
Fold3,>O32130,145.91000000000008,154.65000000000003,184.53999999999996,155.13000000000025,131.29000000000022,212.63,93.78999999999981
Fold3,>Q6YPH3,220.62000000000015,228.28999999999982,271.0299999999998,240.74000000000038,187.86000000000058,302.04999999999967,136.19999999999956
Fold3,>Q8DS12,136.08999999999995,167.58,197.79000000000005,151.9000000000001,129.11000000000013,210.02999999999972,94.88999999999972
Fold3,>P56968,102.85999999999999,111.08000000000004,138.51000000000002,114.80000000000001,108.8500000000001,166.44999999999993,79.52999999999992
Fold3,>Q9AGJ6,239.15000000000035,273.13000000000017,326.58999999999924,263.58000000000095,220.24000000000035,377.0599999999992,166.4100000000002
Fold3,>P26379,58.359999999999964,65.27999999999993,77.71000000000002,68.86,58.07000000000003,92.65999999999993,42.29999999999997
Fold3,>O34777,64.15999999999997,65.85999999999996,81.41000000000001,69.72000000000004,54.15000000000004,85.10999999999997,36.66000000000001
Fold3,>P39071,95.39999999999995,114.92000000000009,138.47000000000003,104.48000000000003,101.80000000000004,168.69999999999985,77.87999999999987
Fold3,>Q2RKV6,133.46,139.52999999999997,163.92999999999998,146.07000000000002,124.20000000000002,198.21999999999983,86.3499999999999
Fold3,>Q2G1N7,118.63999999999992,114.34000000000007,137.01000000000002,122.70000000000014,99.44000000000003,144.09999999999985,65.40999999999995
Fold3,>P50846,73.43999999999993,82.70000000000003,101.47000000000004,82.06999999999995,77.38000000000005,127.05999999999997,59.559999999999995
Fold3,>Q7NAT8,150.91000000000005,159.47,189.13000000000005,155.29000000000022,134.38000000000025,207.2299999999997,94.54999999999978
Fold3,>P07343,180.73000000000025,214.32999999999993,251.19000000000003,198.48000000000036,169.9400000000005,283.7399999999998,125.46999999999959
Fold3,>Q9Z4Q7,90.1699999999999,103.75000000000004,127.47000000000004,102.92000000000003,96.23000000000005,153.81,72.1399999999999
Fold3,>P26380,68.8999999999999,72.38999999999994,89.21999999999998,71.92,66.68000000000002,100.63000000000002,47.12999999999997
Fold3,>P46712,147.55000000000013,175.21,220.02000000000007,168.64000000000024,169.01000000000033,272.73999999999955,129.77999999999963
Fold3,>P68575,45.36999999999997,50.75999999999995,60.31,50.59999999999997,36.24000000000001,60.15,25.29000000000001
Fold3,>P20805,136.3100000000001,156.79000000000008,186.85000000000002,146.2700000000001,128.13000000000008,220.4699999999999,96.98999999999987
Fold3,>Q9EYW6,48.439999999999976,48.63999999999996,54.41,47.55000000000002,44.11,67.48,29.38000000000002
Fold3,>Q10765,430.3099999999984,455.5799999999992,554.1399999999986,463.9900000000021,405.5000000000008,647.6599999999962,286.96000000000043
Fold3,>P0A0C1,214.97999999999996,225.53999999999968,266.37999999999994,228.20000000000036,182.53000000000057,279.30999999999983,122.9899999999996
Fold3,>Q2FZE2,48.49999999999995,51.04999999999996,60.16000000000001,48.41,38.67999999999998,61.60000000000004,26.53000000000001
Fold3,>Q46337,356.8400000000002,427.99000000000007,511.64999999999856,389.97000000000133,378.3599999999999,624.7299999999956,281.79000000000013
Fold3,>P45855,144.08000000000004,173.1600000000001,210.42999999999995,160.1500000000003,156.55000000000015,253.48999999999972,120.09999999999965
Fold3,>P16400,127.60999999999991,131.44000000000017,156.33000000000004,143.77000000000018,111.11000000000008,174.47999999999968,76.96999999999987
Fold3,>P56220,108.11999999999996,120.64000000000013,145.56,113.26999999999994,112.87000000000008,173.11999999999998,81.5499999999999
Fold3,>Q06539,131.76000000000005,162.31000000000006,194.35999999999981,145.22000000000003,146.73000000000002,235.40999999999974,109.74999999999983
Fold3,>P06632,105.66999999999996,126.47000000000016,148.1500000000001,119.01,107.11000000000011,177.35999999999981,78.6599999999999
Fold3,>Q9S4K9,120.72999999999996,127.64000000000011,153.58,131.40000000000003,116.14000000000007,178.29999999999987,83.64999999999986
Fold3,>P47722,91.12999999999998,100.81000000000009,123.26000000000002,92.86000000000007,87.03000000000007,131.75000000000003,64.88
Fold3,>P38037,41.76999999999998,42.649999999999984,51.42999999999999,42.45999999999999,34.01999999999998,49.87000000000002,22.349999999999998
Fold3,>Q9ZN78,100.03000000000009,130.11000000000018,154.4400000000001,108.29000000000009,97.99000000000001,174.38,76.75999999999983
Fold3,>P0A4V0,176.87000000000015,184.0500000000001,218.37999999999997,189.2100000000003,158.0500000000004,250.9199999999995,109.63999999999963
Fold3,>P54322,115.48999999999994,130.24000000000015,160.23000000000008,134.80999999999997,127.8600000000001,201.11999999999992,96.64999999999984
Fold3,>P11931,387.9500000000001,402.3800000000006,485.5999999999991,420.2500000000022,331.23000000000053,523.9599999999986,228.63000000000056
Fold3,>P19080,55.26999999999996,56.35999999999994,70.46,58.999999999999986,52.870000000000005,76.55999999999999,35.63000000000001
Fold3,>P13267,599.5399999999988,659.1099999999989,790.0699999999969,647.429999999997,549.2099999999994,869.7299999999957,389.6000000000016
Fold3,>Q03377,61.75999999999994,64.29999999999994,75.26000000000002,65.30000000000003,52.97,83.35999999999994,36.169999999999995
Fold3,>P80734,54.43999999999996,60.329999999999956,72.06000000000003,58.48999999999997,48.41000000000003,78.38000000000005,34.949999999999996
Fold3,>Q9F0R1,53.889999999999965,55.559999999999945,66.59,52.830000000000005,40.559999999999995,62.14,27.630000000000006
Fold3,>P35155,80.14999999999985,88.09999999999991,109.18000000000004,92.53,75.70000000000009,120.77999999999997,54.61
Fold3,>Q04942,92.8599999999999,100.61999999999992,128.79999999999998,97.47000000000003,88.81,137.34999999999997,63.25999999999997
Fold3,>P11959,173.24000000000007,206.28999999999994,249.07999999999984,192.4300000000001,191.0000000000003,302.8199999999994,145.0799999999998
Fold3,>O86963,240.9900000000004,288.12000000000006,340.1599999999999,259.0900000000003,223.3100000000009,367.57999999999925,159.64999999999998
Fold3,>Q98R33,278.70000000000005,274.18000000000006,323.0299999999998,279.4800000000008,226.6700000000011,340.7000000000001,154.65999999999977
Fold3,>O31749,94.77,108.16000000000007,132.66000000000003,101.44999999999999,95.21000000000008,148.58,68.88999999999994
Fold3,>Q8Y960,131.5799999999998,147.83,173.42000000000004,136.64000000000013,106.4,173.12999999999974,73.75999999999986
Fold3,>Q2NJZ2,354.22,358.6600000000003,428.4499999999994,368.2600000000015,315.2000000000014,500.120000000001,229.16000000000017
Fold3,>P28598,203.08000000000007,253.29999999999993,306.0099999999995,225.96000000000046,210.34000000000052,340.18999999999903,157.98999999999975
Fold3,>A5U654,93.82,116.20000000000014,136.43000000000004,99.98000000000005,101.13000000000005,172.29,78.67999999999996
Fold3,>P96614,206.65000000000032,237.05999999999983,284.32999999999976,210.8500000000007,174.37000000000035,287.17999999999927,123.89999999999964
Fold3,>P45870,79.62999999999997,91.36999999999998,108.24000000000002,78.60000000000011,59.98000000000004,102.35999999999991,41.859999999999985
Fold3,>P40859,153.63999999999993,175.11999999999998,206.99999999999991,172.53000000000006,148.76000000000036,244.0999999999997,108.0199999999997
Fold3,>P32397,183.99,209.19999999999996,252.55000000000013,197.71000000000043,178.3200000000003,289.5999999999993,130.76999999999958
Fold3,>P0A3Q0,214.91000000000025,226.9299999999999,268.87,234.09000000000037,188.85000000000053,309.7899999999996,133.28999999999965
Fold3,>A5U697,104.27000000000001,130.95,151.40000000000006,109.91999999999997,90.68000000000005,161.41999999999993,66.87999999999987
Fold3,>Q2RKH8,148.28000000000011,177.92000000000016,223.92999999999995,171.35000000000025,168.45000000000007,277.6799999999997,129.90999999999966
Fold3,>O34767,155.26000000000013,171.28000000000006,199.70000000000013,171.69000000000042,148.19000000000037,248.20999999999967,107.46999999999971
Fold3,>P0A672,91.06999999999991,103.61000000000004,128.01000000000002,104.89999999999995,94.06000000000013,144.03999999999994,65.86
Fold3,>O68575,113.86999999999993,118.24000000000002,144.15999999999997,119.53000000000003,101.89000000000011,157.0,71.60999999999997
Fold3,>P55179,162.35,193.61999999999998,224.93000000000004,177.6400000000004,149.88000000000036,249.07999999999979,107.77999999999969
Fold3,>Q8EWP5,80.06999999999992,86.99999999999999,104.9,83.86,73.74000000000008,111.81999999999995,52.230000000000004
Fold3,>P46807,142.8400000000001,165.40000000000006,200.43000000000015,161.1100000000001,155.0700000000002,252.87999999999963,114.46999999999969
Fold3,>Q83GH3,189.5100000000002,201.53999999999996,241.14,197.6900000000002,171.0800000000003,274.4499999999995,121.91999999999967
Fold3,>Q08788,101.76999999999994,105.94000000000008,127.17000000000007,116.17000000000004,92.84000000000009,151.32999999999987,67.68999999999994
Fold3,>Q9X895,224.98000000000067,266.0699999999997,320.1499999999996,245.42000000000021,207.02000000000032,355.31999999999937,152.29999999999987
Fold3,>P0A2X4,113.61000000000004,129.55000000000004,151.8100000000001,117.59000000000002,94.30000000000014,163.85999999999999,68.27999999999996
Fold3,>Q9KWG2,135.8900000000001,162.5100000000002,193.13000000000005,141.57000000000008,138.97,233.5699999999999,105.86999999999978
Fold3,>O32271,179.27000000000024,198.13000000000002,243.82000000000002,195.2400000000003,188.03000000000054,291.7199999999997,138.7899999999997
Fold3,>Q83FF5,179.17000000000016,178.70999999999975,226.48000000000002,195.65000000000032,175.34000000000054,266.26999999999975,127.3499999999997
Fold3,>Q5FIJ4,76.20999999999997,92.13000000000001,107.62,78.75999999999999,70.22000000000004,112.95000000000005,49.66999999999997
Fold3,>P38645,189.2100000000002,208.01000000000002,252.5399999999999,206.67000000000053,183.22000000000008,298.43999999999926,131.71999999999971
Fold3,>O53078,121.26999999999995,138.4600000000001,164.14000000000013,136.01000000000005,119.09000000000003,187.56999999999982,83.87999999999982
Fold3,>P00512,121.72000000000006,144.9700000000002,173.70000000000007,127.17000000000009,128.4800000000001,201.98999999999987,95.55999999999982
Fold3,>Q47N75,147.28999999999994,166.90999999999985,205.59000000000006,172.64000000000024,146.6600000000002,235.5499999999997,106.07999999999977
Fold3,>P81101,77.93999999999993,92.71999999999996,112.86999999999999,79.16,64.33000000000004,102.97000000000001,44.84999999999998
Fold3,>P32081,26.26999999999999,32.54999999999999,37.260000000000005,30.03000000000002,24.3,41.650000000000006,18.870000000000005
Fold3,>Q7TWW7,195.16000000000008,226.98999999999998,269.14000000000004,212.12000000000037,188.8300000000005,307.7299999999996,138.1999999999997
Fold3,>O50515,31.349999999999998,40.26999999999998,49.80000000000001,39.440000000000005,37.23000000000004,62.10000000000001,28.949999999999992
Fold3,>Q4A6A2,311.62999999999965,336.29000000000053,397.04999999999944,339.0800000000011,262.22000000000156,424.7600000000005,188.64000000000033
Fold3,>Q10744,190.20000000000013,215.6199999999998,249.1000000000001,198.9800000000004,158.54000000000036,264.7599999999995,115.09999999999961
Fold3,>Q8G4D8,395.72999999999973,458.0400000000005,534.9699999999983,432.42000000000166,356.08000000000027,601.4699999999958,255.0800000000006
Fold3,>Q4JVH7,155.32000000000016,185.77000000000004,222.7199999999999,167.7400000000002,159.0700000000002,259.78999999999974,116.52999999999967
Fold3,>P46713,126.29999999999997,147.6600000000001,176.6200000000002,134.54,137.09000000000015,218.1599999999997,102.38999999999973
Fold3,>P39804,53.48999999999996,59.20999999999993,68.29,56.229999999999976,40.409999999999975,66.63000000000001,27.20000000000001
Fold3,>Q59112,104.3599999999999,117.18000000000004,140.61000000000004,112.76999999999998,104.81000000000009,166.70000000000002,76.40999999999993
Fold3,>Q8RP81,167.32000000000005,203.42000000000002,241.01999999999998,181.82000000000028,164.45000000000041,273.0699999999999,122.50999999999961
Fold3,>Q9Z4P6,238.25000000000014,288.52000000000015,347.7399999999998,273.4000000000008,247.02000000000115,395.3099999999999,183.99000000000015
Fold3,>P0A5T0,79.4799999999999,85.97000000000001,105.67999999999998,83.85999999999993,82.29000000000005,128.60000000000002,58.230000000000004
Fold3,>Q9AGY7,76.99999999999999,85.71000000000004,103.38000000000001,82.78000000000006,81.08000000000008,127.22000000000008,60.78999999999999
Fold3,>Q59118,261.7600000000002,310.7699999999997,364.4999999999985,296.93000000000046,254.96000000000052,432.8199999999981,186.33000000000007
Fold3,>P42014,232.68000000000043,253.73999999999975,313.6399999999994,265.3400000000005,231.96000000000078,362.40999999999923,167.17999999999986
Fold3,>Q03VA1,148.07000000000008,176.68,206.93000000000004,156.65000000000012,125.27000000000005,207.09999999999977,87.03999999999981
Fold3,>P19368,123.37999999999991,125.83000000000006,146.89000000000004,130.07999999999998,105.27000000000007,166.6799999999998,73.3099999999999
Fold3,>O32242,37.879999999999995,41.73999999999998,47.51,39.04999999999999,34.08999999999999,55.04,24.459999999999994
Fold3,>Q1AU26,291.1500000000003,333.15000000000003,404.849999999999,319.6400000000012,273.6700000000008,435.3099999999989,193.0299999999998
Fold3,>P46831,247.2500000000006,268.6399999999996,326.29999999999905,267.3200000000004,226.79000000000076,373.80999999999904,164.52999999999977
Fold3,>Q59111,130.7399999999999,143.3300000000001,172.27999999999992,136.82999999999998,125.62000000000018,196.66999999999987,90.68999999999981
Fold3,>P0A5L8,110.85000000000005,121.54000000000008,148.76000000000005,120.60000000000001,109.86000000000007,179.0399999999999,79.53999999999995
Fold3,>P24301,38.749999999999986,46.749999999999964,57.540000000000006,42.220000000000006,38.059999999999995,59.99000000000002,27.680000000000003
Fold3,>P47481,339.1000000000002,372.6000000000004,453.6699999999995,353.5600000000009,296.32000000000085,463.4099999999994,210.7899999999997
Fold3,>P71756,141.0200000000001,158.18000000000018,192.66999999999987,161.08999999999992,151.83000000000007,245.3799999999998,111.83999999999972
Fold3,>Q11010,337.7599999999995,386.65999999999894,460.07999999999856,366.4100000000007,316.7700000000011,535.5699999999969,232.15000000000103
Fold3,>Q04FF6,235.6800000000003,259.9199999999999,307.53999999999974,251.39000000000064,211.3400000000008,341.07999999999953,152.53999999999976
Fold3,>Q93PS3,231.36000000000035,250.9299999999998,303.36999999999944,258.9900000000006,232.2300000000006,369.81999999999925,169.57
Fold3,>O32885,152.91,179.67,216.3700000000003,162.23000000000008,136.8000000000001,224.37999999999965,96.55999999999976
Fold3,>Q45066,342.52000000000015,378.39000000000044,455.78999999999945,361.43000000000114,303.6000000000011,477.3699999999996,213.71000000000006
Fold3,>P00469,135.71999999999994,140.59000000000003,165.05999999999997,149.17000000000016,120.98000000000008,193.4499999999998,83.65999999999988
Fold3,>P54264,144.53999999999988,154.8299999999998,186.48000000000002,157.1800000000001,125.56000000000007,203.6399999999998,89.25999999999979
Fold3,>P16304,86.65999999999987,102.53999999999996,124.64000000000001,94.21999999999998,82.24000000000004,130.16999999999993,59.769999999999996
Fold3,>Q7A338,127.87,140.60999999999999,165.72000000000006,137.13,125.67000000000016,206.14999999999995,93.20999999999981
Fold3,>Q45588,86.01999999999994,96.32000000000005,112.14000000000003,93.09999999999991,81.47000000000001,127.53000000000003,58.29999999999999
Fold3,>P41019,142.4000000000001,166.70000000000007,202.9,154.78000000000011,139.85000000000005,228.00999999999976,102.65999999999974
Fold3,>P37487,122.85999999999989,144.1300000000002,172.11000000000007,136.15000000000026,120.68000000000002,189.1099999999996,87.96999999999984
Fold3,>P0A5P0,127.65999999999994,137.20000000000007,164.1799999999999,136.6900000000001,111.77000000000005,182.33999999999992,78.58999999999986
Fold3,>P46815,100.55999999999993,133.96,155.48000000000005,108.80999999999999,86.90000000000006,158.42999999999992,64.9099999999999
Fold3,>P11018,115.69999999999992,148.6300000000001,174.15999999999997,129.58000000000013,118.97000000000001,199.8899999999998,90.4999999999998
Fold3,>P59076,247.61000000000038,284.78999999999996,336.16999999999945,275.23000000000087,229.50000000000068,383.3099999999992,168.37000000000015
Fold3,>P13375,184.32000000000014,201.89999999999986,241.4399999999998,206.3500000000004,169.55000000000035,273.93999999999977,121.06999999999958
Fold3,>P75361,410.9299999999996,457.80000000000047,540.439999999999,433.5700000000022,359.5200000000013,582.5599999999995,258.3900000000009
Fold3,>P34024,136.52999999999994,138.65000000000003,162.14000000000001,139.1400000000001,115.60000000000008,188.31999999999985,81.37999999999987
Fold3,>P0A5S6,117.56999999999995,131.8900000000001,165.68,133.20000000000005,130.22000000000006,200.14999999999986,96.36999999999992
Fold3,>O53077,38.449999999999996,43.03999999999997,53.050000000000004,39.790000000000006,40.160000000000004,60.84000000000002,29.389999999999997
Fold3,>A1R7K6,200.60000000000025,226.61999999999983,275.8999999999995,227.66000000000008,190.53000000000037,314.9999999999994,139.42999999999958
Fold3,>P46033,195.8300000000003,211.10999999999987,254.2699999999999,218.57000000000025,177.94000000000034,289.7999999999999,124.02999999999969
Fold3,>P53627,257.930000000001,298.7399999999994,364.9699999999987,278.5900000000008,233.82000000000025,405.569999999997,173.0699999999996
Fold3,>Q831U3,292.37000000000006,317.94,382.56999999999965,326.29000000000104,271.4100000000011,420.72999999999956,190.1100000000002
Fold3,>P37552,48.86999999999994,54.56999999999993,64.72,55.64000000000001,51.26000000000002,79.54,36.540000000000006
Fold3,>P22346,326.67999999999995,346.8800000000006,408.1399999999993,351.24000000000194,283.7000000000011,460.3800000000003,200.07000000000025
Fold3,>Q4A5X2,223.64000000000001,239.53999999999976,282.51999999999964,233.88000000000034,175.32000000000062,280.6899999999993,118.64999999999957
Fold3,>P0A512,187.3400000000002,203.76999999999984,247.95999999999992,209.5800000000004,174.24000000000035,279.7299999999997,124.38999999999972
Fold3,>O34559,160.2100000000001,165.88999999999993,197.7,169.83000000000013,139.22000000000017,224.53999999999982,96.90999999999973
Fold3,>Q97EB7,226.63000000000008,249.1199999999997,302.6299999999994,238.18000000000063,186.98000000000062,293.23999999999967,129.17999999999964
Fold3,>P45618,60.31999999999994,68.72999999999996,82.47999999999999,65.39,61.23000000000003,96.63000000000005,46.370000000000005
Fold3,>P21938,183.52000000000018,212.99999999999997,245.11999999999986,197.08000000000015,159.8500000000003,270.46999999999974,114.34999999999958
Fold3,>Q5FKI4,262.1100000000001,289.9899999999995,350.08999999999907,279.5200000000007,225.90000000000055,362.8599999999991,162.05
Fold3,>P39127,135.47999999999993,131.36000000000004,162.01999999999998,144.45000000000013,122.02000000000012,186.48999999999984,84.2299999999999
Fold3,>P34020,120.32000000000002,146.67000000000013,169.09000000000003,122.61999999999988,122.45000000000009,204.95999999999984,91.70999999999984
Fold3,>O31760,226.48000000000025,244.72999999999982,297.7600000000001,240.08000000000067,225.3800000000007,344.16999999999956,161.9199999999996
Fold3,>Q5HJF4,311.08999999999975,348.42999999999967,412.58999999999907,330.32000000000113,277.800000000001,451.32999999999913,196.44999999999982
Fold3,>P26900,131.70999999999995,143.85000000000002,174.49000000000024,141.27000000000004,133.21000000000015,206.2799999999999,94.80999999999985
Fold3,>P81100,78.36,91.97999999999995,109.28000000000003,80.28000000000004,76.17999999999999,123.08000000000003,57.51999999999996
Fold3,>Q9RC92,156.75000000000009,176.3299999999999,207.57999999999993,160.43000000000018,133.98000000000013,228.73000000000002,97.24999999999982
Fold3,>P00343,128.10000000000005,146.57000000000016,174.27000000000004,135.72000000000006,126.96000000000012,203.24999999999994,92.99999999999983
Fold3,>P32396,129.21999999999983,145.29,172.71,143.57,114.30000000000014,184.58999999999972,78.49999999999987
Fold3,>P17893,62.63999999999996,68.84999999999998,83.28000000000002,65.18000000000004,57.68000000000003,89.57000000000005,40.949999999999996
Fold3,>Q9CJ45,106.52000000000002,114.9400000000001,141.1,116.3600000000001,105.32000000000005,163.1699999999999,74.98999999999991
Fold3,>Q9L4Q8,205.91000000000008,220.3599999999998,264.4599999999999,217.7000000000005,180.00000000000034,288.1599999999997,127.63999999999966
Fold3,>Q08352,138.0400000000001,163.52000000000032,196.94000000000003,157.61000000000016,154.39000000000027,243.99999999999977,113.70999999999975
Fold3,>Q83GS8,368.72999999999956,427.06999999999925,515.8099999999984,390.1200000000009,375.00000000000125,607.8399999999974,280.2100000000003
Fold3,>P0A574,118.96000000000001,144.3400000000001,174.19000000000005,130.72000000000006,130.26000000000008,220.39999999999986,101.22999999999985
Fold3,>Q97II1,139.3400000000001,164.07999999999998,195.6399999999999,150.9600000000001,135.9800000000002,217.8299999999999,100.70999999999972
Fold3,>Q53062,164.47000000000003,191.92000000000013,223.53999999999996,178.93000000000038,162.3300000000001,266.04999999999967,118.97999999999966
Fold3,>P12876,41.57999999999996,51.679999999999964,61.55999999999999,40.64,36.309999999999995,57.02,26.24
Fold3,>P06535,84.49999999999999,90.0,105.19000000000003,92.68999999999998,73.75000000000006,115.64999999999993,50.06999999999995
Fold3,>P29422,204.89000000000027,245.69999999999996,277.63999999999965,213.6400000000005,168.79000000000013,299.59999999999934,120.51999999999958
Fold3,>O32221,25.070000000000007,34.12999999999999,39.92000000000001,25.870000000000008,28.079999999999995,43.13000000000001,20.89
Fold3,>P11540,38.469999999999985,40.149999999999984,48.56000000000001,41.35,35.02,55.1,25.340000000000003
Fold3,>Q933K8,156.11000000000013,221.60999999999967,256.07000000000016,173.21000000000035,147.76000000000016,284.3399999999995,117.80999999999965
Fold3,>P0A0I7,106.27000000000002,109.98000000000008,131.49,110.80000000000003,94.79000000000005,142.24999999999991,65.5599999999999
Fold3,>P50849,283.2100000000005,330.02000000000055,403.61999999999944,308.79000000000104,270.220000000001,428.8399999999994,198.16999999999982
Fold3,>P27580,157.80000000000013,180.22999999999996,221.42,174.0200000000002,152.16000000000003,252.34999999999974,111.40999999999973
Fold3,>Q97R46,173.43000000000012,210.76000000000008,243.1200000000002,185.75000000000068,180.8000000000005,290.52999999999935,132.25999999999962
Fold3,>Q46336,41.20999999999999,46.46999999999996,54.46000000000002,43.85,32.62,57.600000000000016,23.890000000000004
Fold3,>P22326,176.4800000000001,197.77,234.09000000000006,184.0800000000002,150.92000000000033,250.59999999999968,109.28999999999968
Fold3,>O07151,283.3500000000004,318.92999999999967,384.0799999999989,310.7100000000007,263.1900000000007,433.38999999999896,190.04999999999978
Fold3,>P40875,155.52000000000007,176.40000000000015,205.97999999999985,177.3800000000003,163.0700000000001,262.6699999999996,119.37999999999967
Fold3,>P23532,40.74999999999998,47.04999999999998,57.12,47.610000000000014,42.14,66.59000000000006,30.03000000000001
Fold3,>Q59331,158.70000000000007,179.55999999999995,216.8500000000001,170.00000000000023,159.06000000000026,247.34999999999974,115.66999999999965
Fold3,>P35154,114.07999999999993,116.34000000000005,144.18000000000004,127.59000000000006,97.05000000000014,145.41999999999987,63.76999999999996
Fold3,>P60611,106.10000000000004,113.88000000000004,131.4600000000001,113.56999999999998,94.08000000000004,148.00000000000006,65.38999999999993
Fold3,>Q03Q83,218.33000000000018,243.13999999999976,288.6199999999998,234.29000000000067,190.88000000000068,316.2399999999998,137.56999999999977
Fold3,>P29094,252.69000000000017,265.4599999999998,314.42000000000013,268.4400000000008,202.7800000000007,323.4399999999999,133.9599999999996
Fold3,>P39043,112.13999999999999,112.29000000000008,134.03000000000003,122.67999999999999,114.05000000000007,174.78999999999988,79.90999999999987
Fold4,>O33702,51.42999999999996,59.709999999999965,71.72000000000001,53.91999999999998,56.47999999999999,95.52000000000004,43.54999999999999
Fold4,>Q09T02,26.680000000000003,27.500000000000007,35.239999999999995,27.700000000000003,28.87999999999998,45.13,21.66000000000001
Fold4,>P43163,76.72999999999999,104.29999999999997,120.48000000000006,82.04000000000003,76.53999999999996,145.12999999999994,59.99999999999993
Fold4,>P29958,292.86000000000075,346.5399999999994,414.33999999999884,309.56000000000085,291.5900000000001,501.3299999999973,220.2500000000001
Fold4,>P45702,290.29,310.6599999999999,369.49999999999915,319.39000000000027,271.5200000000007,441.1099999999987,194.94999999999993
Fold4,>P0C1U8,120.31999999999998,173.63000000000028,183.6800000000001,127.95999999999974,101.31000000000014,199.31999999999962,77.8599999999999
Fold4,>P39597,163.57000000000016,196.33999999999986,230.1400000000001,167.0500000000001,138.91000000000022,247.11999999999975,106.62999999999974
Fold4,>P19571,215.79000000000028,240.18,266.3499999999998,221.54000000000082,188.35000000000048,316.919999999999,132.66999999999956
Fold4,>P11001,627.4999999999984,778.6299999999981,864.8699999999914,609.7499999999977,533.9400000000005,943.1599999999947,385.0400000000013
Fold4,>Q03424,116.39000000000013,159.20000000000013,187.49000000000012,116.74999999999982,130.00000000000009,231.85999999999981,102.40999999999968
Fold4,>Q8RP81,167.32000000000005,203.42000000000002,241.01999999999998,181.82000000000028,164.45000000000041,273.0699999999999,122.50999999999961
Fold4,>P82594,132.73999999999998,146.37999999999997,172.3,142.56000000000006,119.7800000000001,203.02999999999992,86.01999999999985
Fold4,>P0A312,27.199999999999996,34.64999999999999,35.900000000000006,29.209999999999997,26.87000000000001,48.21000000000002,20.059999999999995
Fold4,>O34344,81.02,91.41000000000007,109.62000000000003,82.79,76.47999999999998,120.86999999999995,55.27
Fold4,>P80696,22.330000000000005,26.180000000000014,31.330000000000016,23.119999999999997,27.60000000000001,43.410000000000025,22.11
Fold4,>O87237,24.309999999999995,31.220000000000002,37.169999999999995,24.150000000000013,22.039999999999985,38.75000000000001,17.04
Fold4,>P81715,148.23000000000013,194.42000000000036,221.03000000000011,158.03000000000023,157.65000000000032,284.08999999999946,122.69999999999963
Fold4,>P09401,155.76000000000022,202.1000000000001,243.00999999999974,167.0100000000002,160.63,286.2499999999996,123.87999999999973
Fold4,>P82593,317.3200000000001,385.95999999999884,441.6699999999993,322.90000000000117,285.75000000000085,506.22999999999695,212.0800000000001
Fold4,>P15555,145.86000000000016,176.02000000000015,205.38000000000008,151.64,153.80000000000007,261.8699999999996,113.32999999999966
Fold4,>Q6E3K9,102.65999999999995,115.38999999999996,137.67000000000004,104.07999999999997,96.7000000000001,156.60999999999999,70.52999999999997
Fold4,>O31097,146.64000000000013,187.49999999999983,213.55999999999997,149.40000000000006,127.88000000000017,227.73999999999995,94.77999999999976
Fold4,>P10547,182.16000000000017,239.98999999999975,270.08000000000004,190.54000000000084,161.8800000000004,294.23999999999944,118.30999999999959
Fold4,>Q05622,126.68000000000009,149.66000000000005,173.58000000000018,132.9000000000001,116.55000000000013,194.96999999999983,81.8599999999998
Fold4,>P15698,158.2000000000002,189.06999999999982,214.8400000000001,153.52999999999997,142.53000000000034,246.2099999999999,105.49999999999969
Fold4,>Q04707,278.74999999999983,332.22999999999905,372.5499999999995,284.42000000000166,244.07000000000124,433.4499999999985,171.88999999999965
Fold4,>Q45882,260.17000000000013,276.99,312.12,269.2000000000012,227.6800000000014,371.50999999999965,158.73999999999958
Fold4,>Q8GJ44,239.9000000000006,283.04999999999967,322.9399999999999,239.5400000000014,240.98000000000104,416.5599999999981,177.93999999999943
Fold4,>Q93M42,318.2799999999997,348.8400000000003,400.86999999999915,336.3600000000017,277.5800000000012,456.95000000000016,191.25000000000009
Fold4,>P38578,22.73,30.510000000000005,36.43000000000001,24.060000000000002,27.770000000000003,46.970000000000034,22.9
Fold4,>P0A4L0,230.4500000000002,281.9500000000001,323.2300000000001,228.44000000000074,188.66000000000054,328.099999999999,137.2899999999996
Fold4,>P00691,254.72000000000065,312.6599999999997,346.8899999999999,257.3300000000013,223.25000000000085,402.8699999999986,165.12999999999965
Fold4,>P22222,197.02000000000055,244.1100000000002,281.39999999999975,200.69000000000065,194.78000000000023,347.95999999999856,151.15999999999983
Fold4,>Q46134,103.62000000000002,114.43000000000008,137.59000000000006,104.09000000000006,88.54000000000006,147.03,65.78999999999996
Fold4,>P30234,132.7000000000001,155.72000000000023,189.67,150.27999999999997,150.61000000000013,244.33999999999978,113.22999999999978
Fold4,>P26831,648.9099999999959,796.1999999999967,903.3299999999952,685.8799999999941,569.009999999999,976.7099999999956,415.340000000001
Fold4,>P0A564,32.91999999999997,44.35999999999998,48.290000000000006,33.99,31.789999999999996,61.250000000000014,25.43
Fold4,>P80172,151.39000000000001,175.7700000000001,204.51000000000005,155.5600000000002,137.74000000000007,224.21999999999966,98.86999999999976
Fold4,>Q08002,180.36000000000016,218.98999999999992,246.97000000000006,186.59000000000026,143.47000000000017,249.87999999999954,101.14999999999965
Fold4,>P0C046,40.2,48.659999999999954,54.640000000000015,40.73000000000001,30.29999999999999,56.37999999999998,22.590000000000003
Fold4,>Q5YLG1,273.7200000000002,299.4100000000001,343.8299999999995,287.0800000000011,236.060000000001,400.30999999999926,167.2499999999997
Fold4,>P0A5Q2,57.049999999999976,62.919999999999966,76.09000000000002,61.8,64.86000000000004,106.37000000000008,48.60999999999999
Fold4,>P11701,306.4100000000002,384.63999999999925,429.03999999999917,300.9900000000011,264.6800000000013,474.57999999999834,193.71999999999963
Fold4,>Q2FWV6,48.43999999999996,54.279999999999944,64.77000000000001,49.98000000000001,39.42999999999999,65.36000000000001,27.61000000000001
Fold4,>P22629,62.719999999999956,83.13000000000004,93.08000000000004,59.32999999999995,62.31000000000004,116.55000000000008,48.97999999999999
Fold4,>P07883,127.57,140.56000000000006,162.13000000000005,134.81000000000003,111.26000000000006,189.33999999999986,78.94999999999992
Fold4,>P40943,176.54,189.39999999999995,221.5599999999999,185.48000000000036,148.57000000000016,237.7799999999998,103.08999999999979
Fold4,>P09879,93.23999999999991,108.33000000000001,123.59000000000002,89.99999999999999,82.24,132.58,58.010000000000005
Fold4,>P39790,115.07000000000008,140.29000000000002,158.17999999999995,106.7799999999998,104.08000000000008,191.73,77.4799999999999
Fold4,>P0C0J0,150.93000000000004,184.39999999999986,208.94000000000017,157.0100000000003,140.54000000000016,243.82999999999967,105.02999999999962
Fold4,>P68802,68.72999999999992,72.87999999999998,89.47000000000001,74.89999999999999,59.85000000000003,95.20000000000002,41.89000000000001
Fold4,>P08954,142.09,150.85999999999996,173.55000000000007,146.75000000000009,120.2000000000001,195.69999999999973,83.61999999999985
Fold4,>A5HZZ9,557.5199999999987,585.640000000001,678.2899999999956,582.2599999999994,489.620000000002,778.7699999999971,345.17000000000075
Fold4,>P20910,201.26000000000036,247.81000000000023,288.83,195.90000000000057,185.1100000000002,342.5699999999988,143.3299999999996
Fold4,>A6QG59,71.51999999999991,79.73,92.85000000000005,70.73999999999997,55.71000000000001,91.70999999999998,39.150000000000006
Fold4,>P96501,114.58000000000001,146.56,165.82000000000002,115.17999999999998,101.66000000000003,178.55999999999975,74.60999999999987
Fold4,>P04957,97.74999999999996,104.38000000000004,117.64000000000007,102.10999999999991,88.77000000000004,151.02999999999997,63.42
Fold4,>Q8VL79,25.98000000000001,25.26999999999999,31.669999999999995,27.12,22.839999999999993,34.16,16.570000000000004
Fold4,>O33635,526.8299999999987,655.6199999999965,712.2899999999967,484.7400000000032,414.09000000000117,761.2599999999942,295.16000000000037
Fold4,>Q44052,244.5200000000006,288.1299999999998,329.9599999999995,256.8900000000011,227.50000000000028,404.0499999999977,171.2799999999999
Fold4,>P02968,113.34000000000007,151.4400000000002,169.88000000000014,113.87000000000006,103.05999999999999,184.98999999999975,78.97999999999986
Fold4,>Q45070,171.8200000000001,187.7300000000001,212.46000000000024,181.0900000000006,158.0100000000004,262.0199999999996,112.67999999999961
Fold4,>P0A5P8,53.32999999999996,69.81999999999996,83.03000000000003,62.84999999999998,63.92000000000004,112.86,50.859999999999964
Fold4,>P29767,384.7800000000003,481.22999999999956,551.0499999999987,393.8100000000021,356.0800000000003,619.6199999999975,266.11
Fold4,>P0C0I6,103.57999999999994,110.55000000000004,129.27,102.56999999999995,88.25000000000009,136.49999999999994,60.73999999999997
Fold4,>P22266,124.92999999999991,159.57,189.3199999999999,134.33999999999997,120.56000000000013,214.8899999999998,96.24999999999983
Fold4,>P60158,78.31999999999995,107.69000000000004,113.44000000000007,77.3399999999999,78.67999999999998,150.1,60.359999999999935
Fold4,>P25959,56.72999999999997,53.01999999999998,65.31000000000002,58.74000000000002,50.93,74.41,34.08000000000002
Fold4,>A6QIG7,64.14999999999995,70.91999999999993,83.75000000000001,67.30999999999999,48.24,81.72999999999999,33.07000000000001
Fold4,>P17670,82.98999999999998,91.57000000000006,102.42000000000009,91.77,78.31000000000003,131.70999999999992,57.400000000000006
Fold4,>P22637,209.9200000000003,246.07000000000002,288.87999999999977,216.3100000000008,201.10000000000053,344.28999999999934,150.9099999999996
Fold4,>P37957,81.27,89.82000000000001,105.03000000000004,85.81999999999992,85.88000000000002,135.51999999999998,62.26
Fold4,>Q6TYB1,127.98999999999998,139.08000000000007,160.72000000000003,132.10000000000008,98.17000000000006,163.04999999999987,68.85999999999991
Fold4,>P09616,130.96000000000004,153.2100000000001,174.04000000000013,124.4399999999999,107.62000000000012,186.4299999999999,77.29999999999991
Fold4,>P34020,120.32000000000002,146.67000000000013,169.09000000000003,122.61999999999988,122.45000000000009,204.95999999999984,91.70999999999984
Fold4,>Q9KWM4,22.78000000000001,26.700000000000006,31.73999999999999,25.490000000000002,23.629999999999992,35.67000000000001,17.480000000000008
Fold4,>P00644,93.24999999999991,104.98000000000006,126.04000000000003,96.61999999999996,85.27000000000002,137.34,60.99999999999995
Fold4,>P10424,122.96000000000008,145.25000000000006,171.46000000000004,123.41000000000001,108.64000000000014,181.28,80.10999999999993
Fold4,>P0A668,59.439999999999955,79.65999999999998,92.28,66.90999999999994,74.11000000000006,130.21,58.15999999999998
Fold4,>P0A618,63.99999999999995,67.56999999999994,81.06000000000004,72.20999999999995,69.47999999999999,116.79000000000005,53.57999999999997
Fold4,>Q03091,112.35999999999991,138.10000000000005,156.89000000000007,116.92999999999988,95.42000000000007,173.39999999999998,70.45999999999994
Fold4,>P85147,19.9,27.290000000000003,31.249999999999996,20.71,23.040000000000003,41.480000000000025,20.130000000000006
Fold4,>P29141,296.2000000000001,378.87999999999977,440.42999999999927,305.71000000000134,281.1500000000006,488.7499999999977,211.2599999999997
Fold4,>P0A566,37.659999999999975,51.26999999999995,56.880000000000024,36.39000000000002,30.76999999999999,59.48999999999998,23.890000000000008
Fold4,>Q9KJT6,91.11000000000013,123.06000000000007,124.17000000000012,86.2799999999999,81.64999999999998,157.4399999999999,57.63999999999998
Fold4,>Q48919,118.14000000000001,171.89000000000013,200.97,142.25999999999996,112.52000000000007,238.76999999999998,93.54999999999995
Fold4,>O34310,88.52000000000002,103.82000000000002,118.45000000000003,86.25999999999992,81.89000000000006,134.47000000000003,60.81999999999996
Fold4,>P39046,240.01000000000062,311.1700000000002,339.42000000000024,222.59000000000123,216.30000000000103,408.79999999999865,167.46999999999957
Fold4,>P42983,53.29999999999996,60.54999999999995,73.91000000000001,56.36000000000001,51.379999999999995,84.5,38.029999999999994
Fold4,>P0C2S1,360.3299999999993,408.25999999999954,472.0199999999984,381.81000000000114,320.3900000000007,544.5099999999981,231.51000000000042
Fold4,>A5H1G9,27.83999999999999,27.989999999999988,35.65,29.370000000000008,35.28,52.88000000000002,27.049999999999997
Fold4,>P01552,120.01999999999991,125.94,146.31000000000012,121.22999999999992,97.50999999999999,149.44999999999987,63.99999999999992
Fold4,>Q53728,199.97000000000054,253.25000000000014,300.1599999999996,208.10000000000028,196.36000000000055,347.469999999999,151.36000000000007
Fold4,>P35804,70.94999999999993,83.07,98.79000000000002,72.68999999999994,79.18000000000008,133.16999999999993,60.9
Fold4,>P39045,177.98000000000036,241.86999999999998,288.0499999999996,208.14000000000044,199.7800000000005,353.7299999999984,156.14999999999972
Fold4,>P21543,452.0999999999987,561.8199999999993,621.3899999999967,455.9300000000021,400.27000000000186,730.4499999999963,299.9000000000003
Fold4,>A9Q0M7,27.769999999999985,31.320000000000004,34.83999999999999,26.77,26.17000000000001,43.77000000000002,20.499999999999993
Fold4,>Q53591,408.12999999999937,479.9199999999998,538.8299999999984,396.14000000000163,326.28000000000134,568.9999999999982,232.5000000000001
Fold4,>P16397,535.4699999999976,701.349999999998,800.8599999999974,548.9600000000006,466.0999999999998,847.6499999999946,351.8800000000007
Fold4,>Q9K6W0,213.68000000000058,253.80999999999997,293.0100000000003,211.46000000000026,181.87000000000066,318.8099999999996,131.69999999999965
Fold4,>Q2FZL3,161.81000000000003,192.78000000000003,218.17000000000004,163.7200000000002,133.53000000000017,226.7499999999997,95.68999999999969
Fold4,>P16169,144.28000000000006,152.97000000000008,181.59,147.74000000000024,131.16000000000014,205.7499999999999,94.60999999999981
Fold4,>Q0TV31,166.5300000000001,195.08999999999997,220.0100000000001,162.4600000000003,132.5900000000002,230.05999999999983,94.59999999999975
Fold4,>P45741,161.38000000000025,174.79000000000005,211.9300000000001,180.70000000000022,157.65000000000038,255.18999999999966,112.13999999999969
Fold4,>P39652,251.95000000000016,296.42999999999984,333.99999999999966,262.8600000000013,226.29000000000084,392.29999999999876,162.21999999999963
Fold4,>P43131,125.05999999999986,149.60999999999999,179.72000000000003,137.94000000000008,124.49000000000012,199.79999999999978,90.2999999999998
Fold4,>Q9RLV9,142.0300000000001,152.92000000000013,173.03000000000006,149.30000000000027,122.17000000000014,202.68999999999983,85.7599999999998
Fold4,>P10335,270.59000000000015,350.0999999999996,385.2799999999992,262.85000000000116,215.4700000000006,397.16999999999894,156.6299999999995
Fold4,>Q2QBT0,19.680000000000007,23.980000000000004,29.199999999999992,19.370000000000005,20.59,35.000000000000014,17.490000000000002
Fold4,>O87236,23.62,27.469999999999995,30.209999999999987,23.830000000000005,21.539999999999992,37.81000000000002,16.990000000000002
Fold4,>Q44856,50.01999999999995,49.709999999999965,62.69999999999999,51.509999999999984,46.94,73.6,33.87
Fold4,>P33673,121.00999999999999,142.70000000000013,165.44000000000017,121.97999999999998,100.64000000000003,178.33999999999978,76.25999999999989
Fold4,>P00649,65.51999999999995,69.11999999999993,82.15000000000002,65.64,60.71999999999999,101.37000000000005,43.909999999999975
Fold4,>P39116,155.2800000000003,202.0400000000001,221.65000000000012,147.61000000000004,137.6500000000002,253.5299999999998,102.65999999999966
Fold4,>P0A5P2,45.199999999999996,42.099999999999994,55.460000000000015,50.78999999999997,48.010000000000026,73.91000000000003,34.55999999999998
Fold4,>P0C047,42.05000000000001,52.13999999999997,59.67000000000001,41.31,35.05999999999999,59.57000000000001,26.270000000000003
Fold4,>P0C1D7,246.07000000000048,297.01999999999987,342.6399999999993,259.380000000001,233.39000000000078,416.27999999999804,178.34999999999965
Fold4,>Q9LAB5,71.77999999999993,82.10999999999999,93.17000000000003,68.63999999999997,62.85000000000001,101.39999999999998,45.43999999999998
Fold4,>P0A5Q4,86.43999999999994,96.05000000000003,113.53000000000007,91.7599999999999,85.41000000000005,144.00000000000003,62.75
Fold4,>P06886,95.49999999999999,108.99000000000007,127.21000000000002,94.86999999999998,78.03000000000011,136.48999999999998,56.549999999999976
Fold4,>P29148,215.8400000000003,279.0699999999996,316.6299999999994,216.90000000000077,203.2400000000007,361.7199999999988,150.00999999999965
Fold4,>P15917,353.2299999999998,397.5400000000004,463.16999999999945,367.3400000000008,286.7600000000019,461.13999999999993,199.48000000000005
Fold4,>P54422,228.80000000000018,268.97999999999973,319.00999999999954,242.03000000000102,211.1100000000009,355.8899999999993,155.16999999999953
