Number,Attributes,A,C,D,E,F,G,H,I,K,L,M,N,P,Q,R,S,T,V,W,Y
1,structure derived hydrophobicity value,0.49,1.00,0.06,0.09,0.71,0.43,0.57,0.86,0.00,0.60,0.57,0.31,0.17,0.14,0.26,0.23,0.31,0.63,0.89,0.60
2,Polarizability,0.11,0.31,0.26,0.37,0.71,0.00,0.56,0.45,0.54,0.45,0.54,0.33,0.32,0.44,0.71,0.15,0.26,0.34,1.00,0.73
3,Normalized frequency of alpha-helix,0.90,0.14,0.47,1.00,0.60,0.00,0.46,0.54,0.63,0.68,0.94,0.11,0.00,0.57,0.44,0.21,0.28,0.52,0.54,0.13
4,Normalized frequency of beta-strand,0.35,0.62,0.13,0.00,0.76,0.29,0.38,0.92,0.28,0.70,0.51,0.39,0.14,0.55,0.42,0.29,0.62,1.00,0.75,0.83
5,Normalized frequency of turn,0.17,0.66,0.91,0.25,0.12,1.00,0.44,0.00,0.50,0.11,0.12,1.00,0.96,0.47,0.44,0.88,0.45,0.03,0.45,0.61
6,Hydrophobicity at ph 7.5 by HPLC,0.63,0.73,0.00,0.05,0.96,0.54,0.38,1.00,0.15,0.99,0.82,0.29,0.75,0.31,0.16,0.38,0.47,0.87,0.88,0.64
7,Size,0.29,0.36,0.29,0.64,0.86,0.00,0.79,0.71,0.93,0.71,0.79,0.64,0.71,0.79,1.00,0.36,0.64,0.64,0.93,0.93
8,Consensus normalized hydrophobicity scale,0.81,0.72,0.42,0.46,0.95,0.77,0.54,1.00,0.26,0.92,0.81,0.45,0.68,0.43,0.00,0.60,0.63,0.92,0.85,0.71
9,Hydrophobicity index base on helix in membrane,0.15,0.26,0.28,0.41,0.69,0.00,0.51,0.54,0.69,0.46,0.62,0.31,0.21,0.49,0.87,0.15,0.31,0.41,1.00,0.69
10,Molecular weight,0.11,0.36,0.45,0.56,0.70,0.00,0.62,0.43,0.55,0.43,0.57,0.44,0.31,0.55,0.77,0.23,0.34,0.33,1.00,0.82
11,Hydrophobic parameter,0.40,0.78,0.07,0.11,0.86,0.31,0.35,0.86,0.01,0.83,0.69,0.13,0.53,0.24,0.00,0.30,0.39,0.68,1.00,0.60
12,Van der waals volume,0.12,0.30,0.34,0.47,0.73,0.00,0.58,0.50,0.59,0.50,0.55,0.37,0.34,0.49,0.76,0.20,0.32,0.37,1.00,0.80
13,Polarity (driven from amino acids),0.40,0.07,1.00,0.91,0.04,0.51,0.68,0.04,0.79,0.00,0.10,0.83,0.38,0.69,0.69,0.53,0.46,0.12,0.06,0.16
14,Volume,0.17,0.31,0.31,0.48,0.77,0.00,0.56,0.65,0.69,0.65,0.61,0.32,0.18,0.49,0.72,0.17,0.35,0.49,1.00,0.80
15,Compressibility,0.17,0.74,0.76,1.00,0.87,0.29,0.66,0.66,0.71,0.66,0.61,0.59,0.00,0.72,0.26,0.51,0.62,0.57,0.54,0.91
16,Average long range contact energy,0.42,0.99,0.05,0.00,0.63,0.56,0.37,1.00,0.02,0.65,0.50,0.32,0.30,0.12,0.37,0.36,0.48,0.95,0.74,0.77
17,Average medium range contact energy,0.83,0.59,0.51,0.81,0.69,0.22,0.69,0.47,0.67,0.92,1.00,0.55,0.00,0.75,0.65,0.26,0.26,0.33,0.61,0.37
18,Long range non bounded energy,0.36,0.70,0.09,0.13,0.79,0.43,0.45,0.87,0.00,0.66,0.66,0.15,0.30,0.19,0.47,0.28,0.42,0.81,1.00,0.66
19,Mean RMS fluctuational displacement,0.57,0.38,0.96,0.81,0.00,1.00,0.23,0.15,0.96,0.21,0.19,0.74,1.00,0.81,0.77,0.94,0.57,0.21,0.17,0.68
20,Refractive index,0.34,0.84,0.28,0.41,0.69,0.00,0.51,0.45,0.50,0.44,0.51,0.31,0.26,0.41,0.63,0.15,0.26,0.33,1.00,0.74
21,Solvent accessible reduction,0.32,0.21,0.14,0.26,0.82,0.23,0.30,1.00,0.00,0.69,0.58,0.06,0.06,0.15,0.13,0.11,0.14,0.91,0.76,0.21
22,Total non bounded energy,0.79,1.00,0.22,0.25,0.73,0.79,0.58,0.87,0.00,0.90,0.88,0.28,0.49,0.22,0.16,0.57,0.60,0.91,0.75,0.48
23,Unfolding entropy change of hydration,0.19,0.21,0.16,0.24,0.74,0.00,0.60,0.76,0.45,0.68,0.62,0.29,0.32,0.33,0.83,0.29,0.36,0.56,1.00,0.96
24,Unfolding hydration heat capacity change,0.29,0.17,0.00,0.01,0.93,0.05,0.44,1.00,0.38,0.91,0.74,0.03,0.53,0.03,0.35,0.09,0.34,0.76,0.89,0.71
25,Retention coefficient (retention times PH= 7.0),0.40,0.43,0.00,0.11,0.96,0.20,0.40,0.90,0.20,0.96,0.71,0.15,0.40,0.21,0.29,0.17,0.24,0.69,1.00,0.60
26,Amino acids partition energy,0.55,0.17,0.72,0.73,0.00,0.61,0.40,0.25,0.87,0.23,0.13,0.65,0.71,0.76,1.00,0.66,0.54,0.21,0.40,0.47
27,PKa COOH,0.93,0.31,0.37,0.68,0.71,0.94,0.00,0.82,0.66,0.91,0.68,0.68,0.37,0.71,0.49,0.63,0.74,0.84,1.00,0.79
28,Hydrophilicity value (driven from free amino acids),0.45,0.38,1.00,1.00,0.14,0.53,0.45,0.25,1.00,0.25,0.33,0.56,0.53,0.56,1.00,0.58,0.47,0.30,0.00,0.17
29,Absolute entropy,0.14,0.67,0.36,0.46,0.60,0.00,0.94,0.57,0.88,0.59,0.70,0.39,0.33,0.50,1.00,0.25,0.27,0.41,0.81,0.60
30,Entropy of formation,0.12,0.43,0.31,0.45,0.36,0.00,0.54,0.49,0.81,0.49,0.35,0.38,0.24,0.50,1.00,0.22,0.37,0.37,0.51,0.48
31,Buried and accessible molar fraction ratio,0.36,1.00,0.08,0.05,0.47,0.38,0.16,0.67,0.00,0.52,0.41,0.08,0.12,0.05,0.01,0.16,0.14,0.63,0.34,0.10
32,Energy of transfer from inside to outside,0.78,1.00,0.44,0.41,0.85,0.78,0.63,0.93,0.00,0.85,0.81,0.48,0.56,0.41,0.15,0.63,0.59,0.89,0.78,0.52
33,Flexibility for one rigid residue,0.37,0.07,1.00,0.77,0.22,0.79,0.40,0.13,0.97,0.44,0.00,0.63,0.98,0.72,0.73,0.82,0.83,0.29,0.24,0.30
34,Side chain interaction parameter,0.42,0.00,0.70,0.72,0.14,0.70,0.63,0.09,1.00,0.36,0.11,0.73,0.88,0.71,0.78,0.59,0.55,0.26,0.17,0.30
35,Side chain volume,0.19,0.31,0.27,0.43,0.79,0.00,0.54,0.64,0.69,0.64,0.65,0.40,0.29,0.55,0.72,0.20,0.35,0.49,1.00,0.81
36,Hydropathy index,0.70,0.78,0.11,0.11,0.81,0.46,0.14,1.00,0.07,0.92,0.71,0.11,0.32,0.11,0.00,0.41,0.42,0.97,0.40,0.36
37,Average surrounding hydrophobicity,0.44,0.78,0.00,0.21,0.65,0.33,0.27,0.99,0.10,0.83,0.73,0.12,0.11,0.19,0.18,0.08,0.17,1.00,0.63,0.53
38,Average reduced distance for side chain,0.56,0.37,0.85,0.89,0.00,0.81,0.41,0.04,1.00,0.26,0.22,0.74,0.81,0.89,0.74,0.89,0.78,0.11,0.19,0.56
39,Side chain orientation angle,0.51,0.91,0.14,0.16,1.00,0.58,0.58,0.93,0.00,0.91,0.81,0.12,0.30,0.02,0.37,0.42,0.42,0.67,0.67,0.42
40,Ave number of nearest neighbour in chian,0.79,0.57,0.47,0.27,0.15,1.00,0.28,0.41,0.14,0.28,0.18,0.39,0.78,0.28,0.00,0.70,0.60,0.51,0.07,0.14
41,Average Volume of surrounding residues,0.26,0.07,0.13,0.67,1.00,0.02,0.65,0.59,0.37,0.79,0.99,0.30,0.55,0.24,0.56,0.00,0.05,0.55,0.83,0.74
42,Hydrophobicity scale (contact energy derived from 3D data),0.39,0.82,0.11,0.12,1.00,0.25,0.35,0.97,0.00,0.91,0.99,0.13,0.15,0.15,0.20,0.19,0.25,0.77,0.77,0.48
43,Partition coefficient,0.71,0.49,0.98,0.74,0.01,0.91,0.68,0.06,0.94,0.00,0.13,1.00,0.49,0.86,0.94,0.94,0.72,0.26,0.08,0.45
44,Average gain in surrounding hydrophobicity,0.36,1.00,0.09,0.13,0.63,0.31,0.41,0.82,0.00,0.70,0.79,0.09,0.18,0.18,0.21,0.23,0.26,0.89,0.52,0.54
45,Surrounding hydrophobicity in alpha-helix,0.61,0.80,0.00,0.36,0.71,1.00,0.14,0.83,0.22,0.69,0.55,0.29,0.12,0.07,0.07,0.06,0.46,0.43,0.25,0.38
46,Surrounding hydrophobicity in beta-sheet,0.60,0.87,0.42,0.38,0.51,0.51,0.76,0.49,0.32,1.00,0.94,0.00,0.49,0.05,0.31,0.33,0.58,0.96,0.45,0.63
47,Surrounding hydrophobicity in turn,0.15,0.83,0.06,0.35,0.66,0.20,0.42,0.60,0.00,0.62,1.00,0.18,0.14,0.35,0.22,0.25,0.12,0.78,0.29,0.31
48,Surrounding hydrophobicity in folded form,0.35,0.97,0.04,0.09,0.62,0.28,0.48,0.93,0.00,0.77,0.83,0.05,0.09,0.11,0.16,0.11,0.20,1.00,0.50,0.58
49,Average number of surrounding residues,0.39,1.00,0.02,0.07,0.58,0.43,0.31,0.88,0.00,0.84,0.51,0.05,0.26,0.19,0.28,0.22,0.31,0.92,0.70,0.62
50,Membrane buried helix parameter,0.86,0.80,0.01,0.11,1.00,0.68,0.40,0.91,0.00,0.93,0.90,0.16,0.30,0.16,0.04,0.59,0.67,0.86,0.61,0.50
51,Mean fractional area loss (f),0.56,1.00,0.26,0.26,0.92,0.51,0.67,0.92,0.00,0.85,0.85,0.28,0.31,0.26,0.31,0.36,0.46,0.87,0.85,0.62
52,Flexibility,0.40,0.01,0.83,0.96,0.06,0.64,0.23,0.12,1.00,0.16,0.24,0.73,0.73,0.67,0.53,0.72,0.47,0.14,0.00,0.13
53,Hydration potential (transfer vapour phrase to water at ph 7),0.98,0.84,0.40,0.44,0.86,1.00,0.43,0.99,0.47,1.00,0.83,0.46,0.73,0.47,0.00,0.67,0.67,0.98,0.63,0.62
54,Bulkiness,0.44,0.55,0.45,0.56,0.90,0.00,0.56,0.99,0.67,0.99,0.70,0.52,0.77,0.60,0.60,0.33,0.68,0.99,1.00,0.80
55,Polarity (driven from amino acids in proteins),0.00,0.03,0.96,0.96,0.01,0.00,0.99,0.00,0.95,0.00,0.03,0.07,0.03,0.07,1.00,0.03,0.03,0.00,0.04,0.03
